PAD,ASIC,Channel,Channeltype
145,0,0,0
159,0,1,0
144,0,2,0
161,0,3,0
198,0,4,0
187,0,5,0
175,0,6,0
174,0,7,0
199,0,9,0
209,0,10,0
210,0,11,0
200,0,12,0
201,0,13,0
212,0,14,0
211,0,15,0
202,0,16,0
176,0,19,0
188,0,20,0
189,0,21,0
177,0,22,0
190,0,23,0
192,0,24,0
178,0,25,0
179,0,26,0
165,0,28,0
148,0,29,0
150,0,30,0
166,0,31,0
163,0,32,0
147,0,33,0
162,0,34,0
146,0,35,0
143,0,36,0
112,0,37,0
128,0,38,0
111,0,39,0
94,0,40,0
62,0,41,0
95,0,42,0
78,0,43,0
129,0,45,0
114,0,46,0
113,0,47,0
130,0,48,0
96,0,49,0
79,0,50,0
80,0,51,0
97,0,52,0
98,0,55,0
81,0,56,0
100,0,57,0
82,0,58,0
131,0,59,0
133,0,60,0
116,0,61,0
115,0,62,0
83,0,64,0
84,0,65,0
101,0,66,0
102,0,67,0
117,0,68,0
134,0,69,0
135,0,70,0
118,0,71,0
25,1,0,0
37,1,1,0
15,1,2,0
36,1,3,0
5,1,4,0
17,1,5,0
6,1,6,0
16,1,7,0
38,1,9,0
26,1,10,0
27,1,11,0
39,1,12,0
50,1,13,0
49,1,14,0
64,1,15,0
63,1,16,0
51,1,19,0
66,1,20,0
52,1,21,0
67,1,22,0
70,1,23,0
69,1,24,0
54,1,25,0
53,1,26,0
28,1,28,0
40,1,29,0
29,1,30,0
42,1,31,0
8,1,32,0
19,1,33,0
7,1,34,0
18,1,35,0
208,0,27,0
186,0,18,0
158,1,27,0
127,1,18,0
149,0,0,1
160,0,1,1
-13,0,0,100
-14,0,1,100
-15,0,44,0
-16,0,53,0
-17,0,54,0
-18,0,63,0
-19,0,2,100
-20,0,3,100
-21,0,8,0
-22,0,17,0
65,1,0,1
-3,1,0,100
-4,1,1,100
-5,1,8,0
-6,1,17,0